camera,date,time,timestamp,car,motorcycle,bus,truck,total,filepath
CM_A69A1,2025-04-01,00:03:24,2025-04-01 00:03:24,0,0,0,0,0,H:\Desktop\Projects\network-plus\CM_A69A1_202504\CM_A69A1-20250401-000324.jpg
CM_A69A1,2025-04-01,00:12:55,2025-04-01 00:12:55,0,0,0,0,0,H:\Desktop\Projects\network-plus\CM_A69A1_202504\CM_A69A1-20250401-001255.jpg
CM_A69A1,2025-04-01,00:17:59,2025-04-01 00:17:59,0,0,0,0,0,H:\Desktop\Projects\network-plus\CM_A69A1_202504\CM_A69A1-20250401-001759.jpg
CM_A69A1,2025-04-01,00:23:15,2025-04-01 00:23:15,0,0,0,0,0,H:\Desktop\Projects\network-plus\CM_A69A1_202504\CM_A69A1-20250401-002315.jpg
CM_A69A1,2025-04-01,00:33:11,2025-04-01 00:33:11,0,0,0,0,0,H:\Desktop\Projects\network-plus\CM_A69A1_202504\CM_A69A1-20250401-003311.jpg
CM_A69A1,2025-04-01,00:43:52,2025-04-01 00:43:52,0,0,0,0,0,H:\Desktop\Projects\network-plus\CM_A69A1_202504\CM_A69A1-20250401-004352.jpg
CM_A69A1,2025-04-01,00:53:12,2025-04-01 00:53:12,0,0,0,0,0,H:\Desktop\Projects\network-plus\CM_A69A1_202504\CM_A69A1-20250401-005312.jpg
CM_A69A1,2025-04-01,00:58:51,2025-04-01 00:58:51,0,0,0,0,0,H:\Desktop\Projects\network-plus\CM_A69A1_202504\CM_A69A1-20250401-005851.jpg
CM_A69A1,2025-04-01,01:08:56,2025-04-01 01:08:56,0,0,0,0,0,H:\Desktop\Projects\network-plus\CM_A69A1_202504\CM_A69A1-20250401-010856.jpg
CM_A69A1,2025-04-01,01:18:13,2025-04-01 01:18:13,0,0,0,0,0,H:\Desktop\Projects\network-plus\CM_A69A1_202504\CM_A69A1-20250401-011813.jpg
CM_A69A1,2025-04-01,01:24:12,2025-04-01 01:24:12,0,0,0,0,0,H:\Desktop\Projects\network-plus\CM_A69A1_202504\CM_A69A1-20250401-012412.jpg
CM_A69A1,2025-04-01,01:33:23,2025-04-01 01:33:23,0,0,0,0,0,H:\Desktop\Projects\network-plus\CM_A69A1_202504\CM_A69A1-20250401-013323.jpg
CM_A69A1,2025-04-01,01:43:59,2025-04-01 01:43:59,0,0,0,0,0,H:\Desktop\Projects\network-plus\CM_A69A1_202504\CM_A69A1-20250401-014359.jpg
CM_A69A1,2025-04-01,01:54:01,2025-04-01 01:54:01,0,0,0,0,0,H:\Desktop\Projects\network-plus\CM_A69A1_202504\CM_A69A1-20250401-015401.jpg
CM_A69A1,2025-04-01,02:04:16,2025-04-01 02:04:16,0,0,0,0,0,H:\Desktop\Projects\network-plus\CM_A69A1_202504\CM_A69A1-20250401-020416.jpg
CM_A69A1,2025-04-01,02:13:29,2025-04-01 02:13:29,0,0,0,0,0,H:\Desktop\Projects\network-plus\CM_A69A1_202504\CM_A69A1-20250401-021329.jpg
CM_A69A1,2025-04-01,02:19:11,2025-04-01 02:19:11,0,0,0,0,0,H:\Desktop\Projects\network-plus\CM_A69A1_202504\CM_A69A1-20250401-021911.jpg
CM_A69A1,2025-04-01,02:29:02,2025-04-01 02:29:02,0,0,0,0,0,H:\Desktop\Projects\network-plus\CM_A69A1_202504\CM_A69A1-20250401-022902.jpg
CM_A69A1,2025-04-01,02:34:17,2025-04-01 02:34:17,0,0,0,0,0,H:\Desktop\Projects\network-plus\CM_A69A1_202504\CM_A69A1-20250401-023417.jpg
CM_A69A1,2025-04-01,02:43:43,2025-04-01 02:43:43,0,0,0,0,0,H:\Desktop\Projects\network-plus\CM_A69A1_202504\CM_A69A1-20250401-024343.jpg
CM_A69A1,2025-04-01,02:49:09,2025-04-01 02:49:09,0,0,0,0,0,H:\Desktop\Projects\network-plus\CM_A69A1_202504\CM_A69A1-20250401-024909.jpg
CM_A69A1,2025-04-01,02:54:20,2025-04-01 02:54:20,0,0,0,0,0,H:\Desktop\Projects\network-plus\CM_A69A1_202504\CM_A69A1-20250401-025420.jpg
CM_A69A1,2025-04-01,03:00:34,2025-04-01 03:00:34,0,0,0,0,0,H:\Desktop\Projects\network-plus\CM_A69A1_202504\CM_A69A1-20250401-030034.jpg
CM_A69A1,2025-04-01,03:08:56,2025-04-01 03:08:56,0,0,0,0,0,H:\Desktop\Projects\network-plus\CM_A69A1_202504\CM_A69A1-20250401-030856.jpg
CM_A69A1,2025-04-01,03:19:29,2025-04-01 03:19:29,0,0,0,0,0,H:\Desktop\Projects\network-plus\CM_A69A1_202504\CM_A69A1-20250401-031929.jpg
CM_A69A1,2025-04-01,03:24:37,2025-04-01 03:24:37,0,0,0,0,0,H:\Desktop\Projects\network-plus\CM_A69A1_202504\CM_A69A1-20250401-032437.jpg
CM_A69A1,2025-04-01,03:33:48,2025-04-01 03:33:48,0,0,0,0,0,H:\Desktop\Projects\network-plus\CM_A69A1_202504\CM_A69A1-20250401-033348.jpg
CM_A69A1,2025-04-01,03:39:07,2025-04-01 03:39:07,0,0,0,0,0,H:\Desktop\Projects\network-plus\CM_A69A1_202504\CM_A69A1-20250401-033907.jpg
CM_A69A1,2025-04-01,03:44:30,2025-04-01 03:44:30,0,0,0,1,1,H:\Desktop\Projects\network-plus\CM_A69A1_202504\CM_A69A1-20250401-034430.jpg
CM_A69A1,2025-04-01,03:54:07,2025-04-01 03:54:07,0,0,0,0,0,H:\Desktop\Projects\network-plus\CM_A69A1_202504\CM_A69A1-20250401-035407.jpg
CM_A69A1,2025-04-01,03:59:22,2025-04-01 03:59:22,1,0,0,0,1,H:\Desktop\Projects\network-plus\CM_A69A1_202504\CM_A69A1-20250401-035922.jpg
CM_A69A1,2025-04-01,04:08:57,2025-04-01 04:08:57,0,0,0,0,0,H:\Desktop\Projects\network-plus\CM_A69A1_202504\CM_A69A1-20250401-040857.jpg
CM_A69A1,2025-04-01,04:14:15,2025-04-01 04:14:15,0,0,0,1,1,H:\Desktop\Projects\network-plus\CM_A69A1_202504\CM_A69A1-20250401-041415.jpg
CM_A69A1,2025-04-01,04:19:36,2025-04-01 04:19:36,0,0,0,0,0,H:\Desktop\Projects\network-plus\CM_A69A1_202504\CM_A69A1-20250401-041936.jpg
CM_A69A1,2025-04-01,04:28:51,2025-04-01 04:28:51,0,0,0,0,0,H:\Desktop\Projects\network-plus\CM_A69A1_202504\CM_A69A1-20250401-042851.jpg
CM_A69A1,2025-04-01,04:34:47,2025-04-01 04:34:47,0,0,0,0,0,H:\Desktop\Projects\network-plus\CM_A69A1_202504\CM_A69A1-20250401-043447.jpg
CM_A69A1,2025-04-01,04:44:09,2025-04-01 04:44:09,0,0,0,0,0,H:\Desktop\Projects\network-plus\CM_A69A1_202504\CM_A69A1-20250401-044409.jpg
CM_A69A1,2025-04-01,04:49:43,2025-04-01 04:49:43,0,0,0,0,0,H:\Desktop\Projects\network-plus\CM_A69A1_202504\CM_A69A1-20250401-044943.jpg
CM_A69A1,2025-04-01,04:59:46,2025-04-01 04:59:46,0,0,0,0,0,H:\Desktop\Projects\network-plus\CM_A69A1_202504\CM_A69A1-20250401-045946.jpg
CM_A69A1,2025-04-01,05:08:50,2025-04-01 05:08:50,2,0,0,0,2,H:\Desktop\Projects\network-plus\CM_A69A1_202504\CM_A69A1-20250401-050850.jpg
CM_A69A1,2025-04-01,05:14:17,2025-04-01 05:14:17,1,0,0,0,1,H:\Desktop\Projects\network-plus\CM_A69A1_202504\CM_A69A1-20250401-051417.jpg
CM_A69A1,2025-04-01,05:19:42,2025-04-01 05:19:42,0,0,0,0,0,H:\Desktop\Projects\network-plus\CM_A69A1_202504\CM_A69A1-20250401-051942.jpg
CM_A69A1,2025-04-01,05:29:36,2025-04-01 05:29:36,0,0,0,0,0,H:\Desktop\Projects\network-plus\CM_A69A1_202504\CM_A69A1-20250401-052936.jpg
CM_A69A1,2025-04-01,05:39:58,2025-04-01 05:39:58,0,0,0,0,0,H:\Desktop\Projects\network-plus\CM_A69A1_202504\CM_A69A1-20250401-053958.jpg
CM_A69A1,2025-04-01,05:48:58,2025-04-01 05:48:58,1,0,0,0,1,H:\Desktop\Projects\network-plus\CM_A69A1_202504\CM_A69A1-20250401-054858.jpg
CM_A69A1,2025-04-01,05:54:35,2025-04-01 05:54:35,1,0,0,0,1,H:\Desktop\Projects\network-plus\CM_A69A1_202504\CM_A69A1-20250401-055435.jpg
CM_A69A1,2025-04-01,06:04:32,2025-04-01 06:04:32,3,0,0,0,3,H:\Desktop\Projects\network-plus\CM_A69A1_202504\CM_A69A1-20250401-060432.jpg
CM_A69A1,2025-04-01,06:14:41,2025-04-01 06:14:41,2,0,0,0,2,H:\Desktop\Projects\network-plus\CM_A69A1_202504\CM_A69A1-20250401-061441.jpg
CM_A69A1,2025-04-01,06:24:11,2025-04-01 06:24:11,5,0,0,0,5,H:\Desktop\Projects\network-plus\CM_A69A1_202504\CM_A69A1-20250401-062411.jpg
CM_A69A1,2025-04-01,06:29:53,2025-04-01 06:29:53,0,0,0,0,0,H:\Desktop\Projects\network-plus\CM_A69A1_202504\CM_A69A1-20250401-062953.jpg
CM_A69A1,2025-04-01,06:39:58,2025-04-01 06:39:58,2,0,0,0,2,H:\Desktop\Projects\network-plus\CM_A69A1_202504\CM_A69A1-20250401-063958.jpg
CM_A69A1,2025-04-01,06:49:39,2025-04-01 06:49:39,1,0,0,0,1,H:\Desktop\Projects\network-plus\CM_A69A1_202504\CM_A69A1-20250401-064939.jpg
CM_A69A1,2025-04-01,06:59:41,2025-04-01 06:59:41,3,0,0,0,3,H:\Desktop\Projects\network-plus\CM_A69A1_202504\CM_A69A1-20250401-065941.jpg
CM_A69A1,2025-04-01,07:10:07,2025-04-01 07:10:07,2,0,0,0,2,H:\Desktop\Projects\network-plus\CM_A69A1_202504\CM_A69A1-20250401-071007.jpg
CM_A69A1,2025-04-01,07:20:10,2025-04-01 07:20:10,1,0,0,0,1,H:\Desktop\Projects\network-plus\CM_A69A1_202504\CM_A69A1-20250401-072010.jpg
CM_A69A1,2025-04-01,07:30:07,2025-04-01 07:30:07,2,0,1,0,3,H:\Desktop\Projects\network-plus\CM_A69A1_202504\CM_A69A1-20250401-073007.jpg
CM_A69A1,2025-04-01,07:39:49,2025-04-01 07:39:49,3,0,0,0,3,H:\Desktop\Projects\network-plus\CM_A69A1_202504\CM_A69A1-20250401-073949.jpg
CM_A69A1,2025-04-01,07:49:23,2025-04-01 07:49:23,1,0,0,0,1,H:\Desktop\Projects\network-plus\CM_A69A1_202504\CM_A69A1-20250401-074923.jpg
CM_A69A1,2025-04-01,07:55:21,2025-04-01 07:55:21,4,0,2,0,6,H:\Desktop\Projects\network-plus\CM_A69A1_202504\CM_A69A1-20250401-075521.jpg
CM_A69A1,2025-04-01,08:04:57,2025-04-01 08:04:57,2,0,0,1,3,H:\Desktop\Projects\network-plus\CM_A69A1_202504\CM_A69A1-20250401-080457.jpg
CM_A69A1,2025-04-01,08:15:02,2025-04-01 08:15:02,6,0,1,0,7,H:\Desktop\Projects\network-plus\CM_A69A1_202504\CM_A69A1-20250401-081502.jpg
CM_A69A1,2025-04-01,08:24:46,2025-04-01 08:24:46,3,0,0,0,3,H:\Desktop\Projects\network-plus\CM_A69A1_202504\CM_A69A1-20250401-082446.jpg
CM_A69A1,2025-04-01,08:35:07,2025-04-01 08:35:07,0,0,1,0,1,H:\Desktop\Projects\network-plus\CM_A69A1_202504\CM_A69A1-20250401-083507.jpg
CM_A69A1,2025-04-01,08:45:05,2025-04-01 08:45:05,5,0,0,0,5,H:\Desktop\Projects\network-plus\CM_A69A1_202504\CM_A69A1-20250401-084505.jpg
CM_A69A1,2025-04-01,08:55:31,2025-04-01 08:55:31,4,0,0,0,4,H:\Desktop\Projects\network-plus\CM_A69A1_202504\CM_A69A1-20250401-085531.jpg
CM_A69A1,2025-04-01,09:04:47,2025-04-01 09:04:47,6,0,0,0,6,H:\Desktop\Projects\network-plus\CM_A69A1_202504\CM_A69A1-20250401-090447.jpg
CM_A69A1,2025-04-01,09:15:15,2025-04-01 09:15:15,4,0,0,0,4,H:\Desktop\Projects\network-plus\CM_A69A1_202504\CM_A69A1-20250401-091515.jpg
CM_A69A1,2025-04-01,09:25:02,2025-04-01 09:25:02,5,0,1,0,6,H:\Desktop\Projects\network-plus\CM_A69A1_202504\CM_A69A1-20250401-092502.jpg
CM_A69A1,2025-04-01,09:30:30,2025-04-01 09:30:30,0,0,0,0,0,H:\Desktop\Projects\network-plus\CM_A69A1_202504\CM_A69A1-20250401-093030.jpg
CM_A69A1,2025-04-01,09:39:34,2025-04-01 09:39:34,0,0,0,0,0,H:\Desktop\Projects\network-plus\CM_A69A1_202504\CM_A69A1-20250401-093934.jpg
CM_A69A1,2025-04-01,09:44:34,2025-04-01 09:44:34,5,0,0,0,5,H:\Desktop\Projects\network-plus\CM_A69A1_202504\CM_A69A1-20250401-094434.jpg
CM_A69A1,2025-04-01,09:50:46,2025-04-01 09:50:46,0,0,0,0,0,H:\Desktop\Projects\network-plus\CM_A69A1_202504\CM_A69A1-20250401-095046.jpg
CM_A69A1,2025-04-01,10:00:11,2025-04-01 10:00:11,1,0,0,1,2,H:\Desktop\Projects\network-plus\CM_A69A1_202504\CM_A69A1-20250401-100011.jpg
CM_A69A1,2025-04-01,10:05:14,2025-04-01 10:05:14,7,0,1,1,9,H:\Desktop\Projects\network-plus\CM_A69A1_202504\CM_A69A1-20250401-100514.jpg
CM_A69A1,2025-04-01,10:10:20,2025-04-01 10:10:20,1,0,0,0,1,H:\Desktop\Projects\network-plus\CM_A69A1_202504\CM_A69A1-20250401-101020.jpg
CM_A69A1,2025-04-01,10:20:22,2025-04-01 10:20:22,3,0,0,0,3,H:\Desktop\Projects\network-plus\CM_A69A1_202504\CM_A69A1-20250401-102022.jpg
CM_A69A1,2025-04-01,10:30:37,2025-04-01 10:30:37,0,0,0,0,0,H:\Desktop\Projects\network-plus\CM_A69A1_202504\CM_A69A1-20250401-103037.jpg
CM_A69A1,2025-04-01,10:40:41,2025-04-01 10:40:41,2,0,0,1,3,H:\Desktop\Projects\network-plus\CM_A69A1_202504\CM_A69A1-20250401-104041.jpg
CM_A69A1,2025-04-01,10:49:41,2025-04-01 10:49:41,0,0,0,0,0,H:\Desktop\Projects\network-plus\CM_A69A1_202504\CM_A69A1-20250401-104941.jpg
CM_A69A1,2025-04-01,10:55:43,2025-04-01 10:55:43,6,0,0,0,6,H:\Desktop\Projects\network-plus\CM_A69A1_202504\CM_A69A1-20250401-105543.jpg
CM_A69A1,2025-04-01,11:05:36,2025-04-01 11:05:36,5,0,0,1,6,H:\Desktop\Projects\network-plus\CM_A69A1_202504\CM_A69A1-20250401-110536.jpg
CM_A69A1,2025-04-01,11:15:20,2025-04-01 11:15:20,5,0,0,0,5,H:\Desktop\Projects\network-plus\CM_A69A1_202504\CM_A69A1-20250401-111520.jpg
CM_A69A1,2025-04-01,11:25:43,2025-04-01 11:25:43,4,0,0,0,4,H:\Desktop\Projects\network-plus\CM_A69A1_202504\CM_A69A1-20250401-112543.jpg
CM_A69A1,2025-04-01,11:35:39,2025-04-01 11:35:39,8,0,0,0,8,H:\Desktop\Projects\network-plus\CM_A69A1_202504\CM_A69A1-20250401-113539.jpg
CM_A69A1,2025-04-01,11:45:29,2025-04-01 11:45:29,7,0,0,0,7,H:\Desktop\Projects\network-plus\CM_A69A1_202504\CM_A69A1-20250401-114529.jpg
CM_A69A1,2025-04-01,11:50:52,2025-04-01 11:50:52,2,0,0,0,2,H:\Desktop\Projects\network-plus\CM_A69A1_202504\CM_A69A1-20250401-115052.jpg
CM_A69A1,2025-04-01,12:00:03,2025-04-01 12:00:03,0,0,0,0,0,H:\Desktop\Projects\network-plus\CM_A69A1_202504\CM_A69A1-20250401-120003.jpg
CM_A69A1,2025-04-01,12:10:53,2025-04-01 12:10:53,1,0,1,0,2,H:\Desktop\Projects\network-plus\CM_A69A1_202504\CM_A69A1-20250401-121053.jpg
CM_A69A1,2025-04-01,12:20:26,2025-04-01 12:20:26,1,0,0,0,1,H:\Desktop\Projects\network-plus\CM_A69A1_202504\CM_A69A1-20250401-122026.jpg
CM_A69A1,2025-04-01,12:30:29,2025-04-01 12:30:29,1,0,0,0,1,H:\Desktop\Projects\network-plus\CM_A69A1_202504\CM_A69A1-20250401-123029.jpg
CM_A69A1,2025-04-01,12:35:58,2025-04-01 12:35:58,6,0,0,0,6,H:\Desktop\Projects\network-plus\CM_A69A1_202504\CM_A69A1-20250401-123558.jpg
CM_A69A1,2025-04-01,12:45:46,2025-04-01 12:45:46,2,0,2,0,4,H:\Desktop\Projects\network-plus\CM_A69A1_202504\CM_A69A1-20250401-124546.jpg
CM_A69A1,2025-04-01,12:56:01,2025-04-01 12:56:01,6,0,0,0,6,H:\Desktop\Projects\network-plus\CM_A69A1_202504\CM_A69A1-20250401-125601.jpg
CM_A69A1,2025-04-01,13:05:41,2025-04-01 13:05:41,7,0,1,0,8,H:\Desktop\Projects\network-plus\CM_A69A1_202504\CM_A69A1-20250401-130541.jpg
CM_A69A1,2025-04-01,13:16:01,2025-04-01 13:16:01,6,0,0,1,7,H:\Desktop\Projects\network-plus\CM_A69A1_202504\CM_A69A1-20250401-131601.jpg
CM_A69A1,2025-04-01,13:25:15,2025-04-01 13:25:15,6,0,0,0,6,H:\Desktop\Projects\network-plus\CM_A69A1_202504\CM_A69A1-20250401-132515.jpg
CM_A69A1,2025-04-01,13:30:50,2025-04-01 13:30:50,1,0,0,0,1,H:\Desktop\Projects\network-plus\CM_A69A1_202504\CM_A69A1-20250401-133050.jpg
CM_A69A1,2025-04-01,13:40:56,2025-04-01 13:40:56,1,0,1,0,2,H:\Desktop\Projects\network-plus\CM_A69A1_202504\CM_A69A1-20250401-134056.jpg
CM_A69A1,2025-04-01,13:51:00,2025-04-01 13:51:00,0,0,0,0,0,H:\Desktop\Projects\network-plus\CM_A69A1_202504\CM_A69A1-20250401-135100.jpg
CM_A69A1,2025-04-01,14:01:14,2025-04-01 14:01:14,2,0,0,0,2,H:\Desktop\Projects\network-plus\CM_A69A1_202504\CM_A69A1-20250401-140114.jpg
CM_A69A1,2025-04-01,14:11:05,2025-04-01 14:11:05,1,0,0,0,1,H:\Desktop\Projects\network-plus\CM_A69A1_202504\CM_A69A1-20250401-141105.jpg
CM_A69A1,2025-04-01,14:16:08,2025-04-01 14:16:08,8,0,0,0,8,H:\Desktop\Projects\network-plus\CM_A69A1_202504\CM_A69A1-20250401-141608.jpg
CM_A69A1,2025-04-01,14:25:17,2025-04-01 14:25:17,9,0,0,1,10,H:\Desktop\Projects\network-plus\CM_A69A1_202504\CM_A69A1-20250401-142517.jpg
CM_A69A1,2025-04-01,14:30:45,2025-04-01 14:30:45,2,0,0,0,2,H:\Desktop\Projects\network-plus\CM_A69A1_202504\CM_A69A1-20250401-143045.jpg
CM_A69A1,2025-04-01,14:36:18,2025-04-01 14:36:18,9,0,0,0,9,H:\Desktop\Projects\network-plus\CM_A69A1_202504\CM_A69A1-20250401-143618.jpg
CM_A69A1,2025-04-01,14:46:26,2025-04-01 14:46:26,0,0,0,0,0,H:\Desktop\Projects\network-plus\CM_A69A1_202504\CM_A69A1-20250401-144626.jpg
CM_A69A1,2025-04-01,14:55:39,2025-04-01 14:55:39,3,0,0,0,3,H:\Desktop\Projects\network-plus\CM_A69A1_202504\CM_A69A1-20250401-145539.jpg
CM_A69A1,2025-04-01,15:01:10,2025-04-01 15:01:10,1,0,0,0,1,H:\Desktop\Projects\network-plus\CM_A69A1_202504\CM_A69A1-20250401-150110.jpg
CM_A69A1,2025-04-01,15:10:38,2025-04-01 15:10:38,3,1,0,0,4,H:\Desktop\Projects\network-plus\CM_A69A1_202504\CM_A69A1-20250401-151038.jpg
CM_A69A1,2025-04-01,15:16:15,2025-04-01 15:16:15,8,0,0,0,8,H:\Desktop\Projects\network-plus\CM_A69A1_202504\CM_A69A1-20250401-151615.jpg
CM_A69A1,2025-04-01,15:26:25,2025-04-01 15:26:25,7,0,0,0,7,H:\Desktop\Projects\network-plus\CM_A69A1_202504\CM_A69A1-20250401-152625.jpg
CM_A69A1,2025-04-01,15:36:20,2025-04-01 15:36:20,11,0,0,0,11,H:\Desktop\Projects\network-plus\CM_A69A1_202504\CM_A69A1-20250401-153620.jpg
CM_A69A1,2025-04-01,15:46:22,2025-04-01 15:46:22,5,0,0,1,6,H:\Desktop\Projects\network-plus\CM_A69A1_202504\CM_A69A1-20250401-154622.jpg
CM_A69A1,2025-04-01,15:55:32,2025-04-01 15:55:32,4,0,0,0,4,H:\Desktop\Projects\network-plus\CM_A69A1_202504\CM_A69A1-20250401-155532.jpg
CM_A69A1,2025-04-01,16:01:07,2025-04-01 16:01:07,0,0,0,0,0,H:\Desktop\Projects\network-plus\CM_A69A1_202504\CM_A69A1-20250401-160107.jpg
CM_A69A1,2025-04-01,16:06:28,2025-04-01 16:06:28,5,0,0,0,5,H:\Desktop\Projects\network-plus\CM_A69A1_202504\CM_A69A1-20250401-160628.jpg
CM_A69A1,2025-04-01,16:16:14,2025-04-01 16:16:14,6,0,0,0,6,H:\Desktop\Projects\network-plus\CM_A69A1_202504\CM_A69A1-20250401-161614.jpg
CM_A69A1,2025-04-01,16:25:59,2025-04-01 16:25:59,7,0,0,0,7,H:\Desktop\Projects\network-plus\CM_A69A1_202504\CM_A69A1-20250401-162559.jpg
CM_A69A1,2025-04-01,16:31:14,2025-04-01 16:31:14,1,0,0,1,2,H:\Desktop\Projects\network-plus\CM_A69A1_202504\CM_A69A1-20250401-163114.jpg
CM_A69A1,2025-04-01,16:36:36,2025-04-01 16:36:36,4,0,1,0,5,H:\Desktop\Projects\network-plus\CM_A69A1_202504\CM_A69A1-20250401-163636.jpg
CM_A69A1,2025-04-01,16:46:25,2025-04-01 16:46:25,1,0,0,0,1,H:\Desktop\Projects\network-plus\CM_A69A1_202504\CM_A69A1-20250401-164625.jpg
CM_A69A1,2025-04-01,16:56:21,2025-04-01 16:56:21,3,0,1,0,4,H:\Desktop\Projects\network-plus\CM_A69A1_202504\CM_A69A1-20250401-165621.jpg
CM_A69A1,2025-04-01,17:06:42,2025-04-01 17:06:42,2,0,0,0,2,H:\Desktop\Projects\network-plus\CM_A69A1_202504\CM_A69A1-20250401-170642.jpg
